ag-grpc, ghcr.io/ocicl/ag-grpc@sha256:8633971cca2467c419373a920c9d3f1c0bb5f2869851ea37a30caeb9986d05ee, ag-gRPC-20260622-c5df0e4/ag-grpc.asd
ag-grpc-all, ghcr.io/ocicl/ag-grpc@sha256:8633971cca2467c419373a920c9d3f1c0bb5f2869851ea37a30caeb9986d05ee, ag-gRPC-20260622-c5df0e4/ag-grpc-all.asd
ag-http2, ghcr.io/ocicl/ag-grpc@sha256:8633971cca2467c419373a920c9d3f1c0bb5f2869851ea37a30caeb9986d05ee, ag-gRPC-20260622-c5df0e4/ag-http2.asd
ag-proto, ghcr.io/ocicl/ag-grpc@sha256:8633971cca2467c419373a920c9d3f1c0bb5f2869851ea37a30caeb9986d05ee, ag-gRPC-20260622-c5df0e4/ag-proto.asd
ag-proto-cli, ghcr.io/ocicl/ag-grpc@sha256:8633971cca2467c419373a920c9d3f1c0bb5f2869851ea37a30caeb9986d05ee, ag-gRPC-20260622-c5df0e4/ag-proto-cli.asd
alexandria, ghcr.io/ocicl/alexandria@sha256:e433c2e076ed3bcf8641b97b00192680db2201d305efac9293539dee88c7fbf7, alexandria-20240503-8514d8e/alexandria.asd
atomics, ghcr.io/ocicl/atomics@sha256:47645f75191931211547cdcf578a40b24019d58f48c83d93e9055aec79c877fd, atomics-20260218-ce398c4/atomics.asd
atomics-test, ghcr.io/ocicl/atomics@sha256:47645f75191931211547cdcf578a40b24019d58f48c83d93e9055aec79c877fd, atomics-20260218-ce398c4/atomics-test.asd
autoload, ghcr.io/ocicl/mgl-pax-bootstrap@sha256:1c15644701ad5b8e441b2724c265c995437052beb52322c447816c3cc17c564a, mgl-pax-20260313-f7f9414/autoload/autoload.asd
babel, ghcr.io/ocicl/babel@sha256:9d9fcde71acc2b5c39572de4f11756a08c1d8801caa86c581b85dabaa35928b3, babel-20250905-4eaf3f2/babel.asd
babel-streams, ghcr.io/ocicl/babel@sha256:9d9fcde71acc2b5c39572de4f11756a08c1d8801caa86c581b85dabaa35928b3, babel-20250905-4eaf3f2/babel-streams.asd
babel-tests, ghcr.io/ocicl/babel@sha256:9d9fcde71acc2b5c39572de4f11756a08c1d8801caa86c581b85dabaa35928b3, babel-20250905-4eaf3f2/babel-tests.asd
bordeaux-threads, ghcr.io/ocicl/bordeaux-threads@sha256:bbb32afe3987e102149cc019f4f7366a05f7a37d1503f5f86a27745e671c320a, bordeaux-threads-0.9.4/bordeaux-threads.asd
cffi, ghcr.io/ocicl/cffi@sha256:5233d1704f5e84297dbd776e5e45aa409ccc155a29baa51c1b912e69e983d4c0, cffi-20260716-7910d7e/cffi.asd
cffi-examples, ghcr.io/ocicl/cffi@sha256:5233d1704f5e84297dbd776e5e45aa409ccc155a29baa51c1b912e69e983d4c0, cffi-20260716-7910d7e/cffi-examples.asd
cffi-grovel, ghcr.io/ocicl/cffi@sha256:5233d1704f5e84297dbd776e5e45aa409ccc155a29baa51c1b912e69e983d4c0, cffi-20260716-7910d7e/cffi-grovel.asd
cffi-libffi, ghcr.io/ocicl/cffi@sha256:5233d1704f5e84297dbd776e5e45aa409ccc155a29baa51c1b912e69e983d4c0, cffi-20260716-7910d7e/cffi-libffi.asd
cffi-tests, ghcr.io/ocicl/cffi@sha256:5233d1704f5e84297dbd776e5e45aa409ccc155a29baa51c1b912e69e983d4c0, cffi-20260716-7910d7e/cffi-tests.asd
cffi-toolchain, ghcr.io/ocicl/cffi@sha256:5233d1704f5e84297dbd776e5e45aa409ccc155a29baa51c1b912e69e983d4c0, cffi-20260716-7910d7e/cffi-toolchain.asd
cffi-uffi-compat, ghcr.io/ocicl/cffi@sha256:5233d1704f5e84297dbd776e5e45aa409ccc155a29baa51c1b912e69e983d4c0, cffi-20260716-7910d7e/cffi-uffi-compat.asd
chipz, ghcr.io/ocicl/chipz@sha256:fae0fae0c93199ba57c92d9102245a55c8a2c12af4442e0b141d5670bef4f2f0, chipz-20240503-6f80368/chipz.asd
cl-cancel, ghcr.io/ocicl/cl-cancel@sha256:b6e6387eed5027d5becb5fa18b370c1c3a755daf26bca037007018a611bcd353, cl-cancel-20260206-bec34fb/cl-cancel.asd
cl-ppcre, ghcr.io/ocicl/cl-ppcre@sha256:bf073924cf4fd5957a4fd961a95d446ed0e53fa32a5002cbd2d52182874f45e5, cl-ppcre-20250606-a2ea581/cl-ppcre.asd
cl-ppcre-unicode, ghcr.io/ocicl/cl-ppcre@sha256:bf073924cf4fd5957a4fd961a95d446ed0e53fa32a5002cbd2d52182874f45e5, cl-ppcre-20250606-a2ea581/cl-ppcre-unicode.asd
closer-mop, ghcr.io/ocicl/closer-mop@sha256:39ec579e68118a8be57a7882812ff31094a031f88b77f11cf4434a92261f1126, closer-mop-20260329-04db182/closer-mop.asd
documentation-utils, ghcr.io/ocicl/documentation-utils@sha256:b2a1b3f3bcd1a738af85ae2b0168d408c177661eab6d6bbebb254e394d983f54, documentation-utils-20230511-98630dd/documentation-utils.asd
dref, ghcr.io/ocicl/mgl-pax-bootstrap@sha256:1c15644701ad5b8e441b2724c265c995437052beb52322c447816c3cc17c564a, mgl-pax-20260313-f7f9414/dref/dref.asd
dref-test, ghcr.io/ocicl/mgl-pax-bootstrap@sha256:1c15644701ad5b8e441b2724c265c995437052beb52322c447816c3cc17c564a, mgl-pax-20260313-f7f9414/dref/dref-test.asd
dref-test-package-inferred, ghcr.io/ocicl/mgl-pax-bootstrap@sha256:1c15644701ad5b8e441b2724c265c995437052beb52322c447816c3cc17c564a, mgl-pax-20260313-f7f9414/dref/test/data/dref-test-package-inferred.asd
fiveam, ghcr.io/ocicl/fiveam@sha256:e283043dc8d31e8df2b214465cf5a06ea07bdbea10e600a40e17aaf9518226ac, fiveam-20240928-e43d6c8/fiveam.asd
fset, ghcr.io/ocicl/fset@sha256:06ed3b2b8e490fa5ddf01b23af08a5d0d5febf6633b982eab0f721f4cc3c8c15, fset-20251122-19eadf0/fset.asd
global-vars, ghcr.io/ocicl/global-vars@sha256:d197e871c9c9abc4bf31b1186f5fd28f0ca848ebe2e9dddf2d82ecee01dbdc65, global-vars-20240503-c749f32/global-vars.asd
global-vars-test, ghcr.io/ocicl/global-vars@sha256:d197e871c9c9abc4bf31b1186f5fd28f0ca848ebe2e9dddf2d82ecee01dbdc65, global-vars-20240503-c749f32/global-vars-test.asd
ieee-floats, ghcr.io/ocicl/ieee-floats@sha256:dcc1ef35f12ab6c611839a64338dc55a1c8e9b211274ffa8cbfd95d15b55c766, ieee-floats-20240503-9566ce8/ieee-floats.asd
iolib, ghcr.io/ocicl/iolib@sha256:953f1cb142e647da50562d51eca562afc2c5b941b89ae622332b53c7dbed7e1b, iolib-20240503-396cc43/iolib.asd
iolib.asdf, ghcr.io/ocicl/iolib@sha256:953f1cb142e647da50562d51eca562afc2c5b941b89ae622332b53c7dbed7e1b, iolib-20240503-396cc43/iolib.asdf.asd
iolib.base, ghcr.io/ocicl/iolib@sha256:953f1cb142e647da50562d51eca562afc2c5b941b89ae622332b53c7dbed7e1b, iolib-20240503-396cc43/iolib.base.asd
iolib.common-lisp, ghcr.io/ocicl/iolib@sha256:953f1cb142e647da50562d51eca562afc2c5b941b89ae622332b53c7dbed7e1b, iolib-20240503-396cc43/iolib.common-lisp.asd
iolib.conf, ghcr.io/ocicl/iolib@sha256:953f1cb142e647da50562d51eca562afc2c5b941b89ae622332b53c7dbed7e1b, iolib-20240503-396cc43/iolib.conf.asd
iolib.examples, ghcr.io/ocicl/iolib@sha256:953f1cb142e647da50562d51eca562afc2c5b941b89ae622332b53c7dbed7e1b, iolib-20240503-396cc43/iolib.examples.asd
iparse, ghcr.io/ocicl/iparse@sha256:6c71dc826f98672ee86df5bab7420e9a9934e755cb2c5d60ec78b21ae6d5137e, cl-iparse-20260213-74a8c35/iparse.asd
mgl-pax, ghcr.io/ocicl/mgl-pax-bootstrap@sha256:1c15644701ad5b8e441b2724c265c995437052beb52322c447816c3cc17c564a, mgl-pax-20260313-f7f9414/mgl-pax.asd
mgl-pax-bootstrap, ghcr.io/ocicl/mgl-pax-bootstrap@sha256:1c15644701ad5b8e441b2724c265c995437052beb52322c447816c3cc17c564a, mgl-pax-20260313-f7f9414/mgl-pax-bootstrap.asd
mgl-pax-test, ghcr.io/ocicl/mgl-pax-bootstrap@sha256:1c15644701ad5b8e441b2724c265c995437052beb52322c447816c3cc17c564a, mgl-pax-20260313-f7f9414/mgl-pax-test.asd
mgl-pax.asdf, ghcr.io/ocicl/mgl-pax-bootstrap@sha256:1c15644701ad5b8e441b2724c265c995437052beb52322c447816c3cc17c564a, mgl-pax-20260313-f7f9414/mgl-pax.asdf.asd
misc-extensions, ghcr.io/ocicl/misc-extensions@sha256:bffd02c8ba19a28ecc3b9a89a3e2639d51a6f856850b7c2cdfecb779738f53af, misc-extensions-20251202-9d0fd15/misc-extensions.asd
mt19937, ghcr.io/ocicl/mt19937@sha256:49c0a25a535cd22212343c67e17635b8e05675ad9cc20aa75ce75e35e842bbe3, MT19937-20240503-78f0419/mt19937.asd
multilang-documentation-utils, ghcr.io/ocicl/documentation-utils@sha256:b2a1b3f3bcd1a738af85ae2b0168d408c177661eab6d6bbebb254e394d983f54, documentation-utils-20230511-98630dd/multilang-documentation-utils.asd
named-readtables, ghcr.io/ocicl/named-readtables@sha256:9c467a5a6d7b4e928d4ca48986e14312cf29cd5a71347be0ebb515ebb964ced2, named-readtables-20260701-9b774b5/named-readtables.asd
named-readtables-test, ghcr.io/ocicl/named-readtables@sha256:9c467a5a6d7b4e928d4ca48986e14312cf29cd5a71347be0ebb515ebb964ced2, named-readtables-20260701-9b774b5/named-readtables-test.asd
net.didierverna.asdf-flv, ghcr.io/ocicl/net.didierverna.asdf-flv@sha256:e5cd087d41cf24302a92d9bac426a925f8868b554be2414c0f012c961e3ddb8c, asdf-flv-20240503-3f1de41/net.didierverna.asdf-flv.asd
osc, ghcr.io/ocicl/osc@sha256:9c8ba05c002365dbb0837f3d59ad077832b96bf6c1c690b07f15a991b61e3a54, osc-devices-20240604-25bdaad/osc.asd
precise-time, ghcr.io/ocicl/precise-time@sha256:0fa8039008f0635013d25c14d50c5743c64d6a1ef64bd0e62d1785a4b9d3a873, precise-time-20260218-93ea6ae/precise-time.asd
salza2, ghcr.io/ocicl/salza2@sha256:0f9d930524b469e1442372a6e12b26742d9e6a1144e6a455006943190d1ea71e, salza2-2.1/salza2.asd
split-sequence, ghcr.io/ocicl/split-sequence@sha256:3a37662eedd99c42995587b9d443c4631f25c4c523091bcca31a27b880585b8e, split-sequence-2.0.1/split-sequence.asd
trivial-backtrace, ghcr.io/ocicl/trivial-backtrace@sha256:89a3138695bb767c50001402fad60dacfc1e867e4e3d3579cc6f636d3e29a51c, trivial-backtrace-20240503-7f90b4a/trivial-backtrace.asd
trivial-backtrace-test, ghcr.io/ocicl/trivial-backtrace@sha256:89a3138695bb767c50001402fad60dacfc1e867e4e3d3579cc6f636d3e29a51c, trivial-backtrace-20240503-7f90b4a/trivial-backtrace-test.asd
trivial-features, ghcr.io/ocicl/trivial-features@sha256:e278e24d39060fc7d3715531b16ddd9ab7f93f22ade53e436c0b86dbae3aa065, trivial-features-1.0/trivial-features.asd
trivial-features-tests, ghcr.io/ocicl/trivial-features@sha256:e278e24d39060fc7d3715531b16ddd9ab7f93f22ade53e436c0b86dbae3aa065, trivial-features-1.0/trivial-features-tests.asd
trivial-garbage, ghcr.io/ocicl/trivial-garbage@sha256:a85dcf4110ad60ae9f6c70970acceb2bf12402ce5326891643d35506059afb1d, trivial-garbage-20240503-3474f64/trivial-garbage.asd
trivial-gray-streams, ghcr.io/ocicl/trivial-gray-streams@sha256:d0cc9fb73876100ee60647524f98b5b22566fa1c3a985d79548b0d2b228f8b51, trivial-gray-streams-20240503-a7ead68/trivial-gray-streams.asd
trivial-gray-streams-test, ghcr.io/ocicl/trivial-gray-streams@sha256:d0cc9fb73876100ee60647524f98b5b22566fa1c3a985d79548b0d2b228f8b51, trivial-gray-streams-20240503-a7ead68/trivial-gray-streams-test.asd
trivial-indent, ghcr.io/ocicl/trivial-indent@sha256:2969bd1dc3cefd22fd1b0c5aeec664d4217a2593fe03bb043d8b6958aabc8b2a, trivial-indent-20250813-87b35ff/trivial-indent.asd
trivial-utf-8, ghcr.io/ocicl/trivial-utf-8@sha256:014e7fa0edd7f351c8b38c3247e0cdda438235bb8a086bb0f2bac08f78ef400d, trivial-utf-8-20240503-ba9b4ff/trivial-utf-8.asd
uffi, ghcr.io/ocicl/cffi@sha256:5233d1704f5e84297dbd776e5e45aa409ccc155a29baa51c1b912e69e983d4c0, cffi-20260716-7910d7e/uffi-compat/uffi.asd
usocket, ghcr.io/ocicl/usocket@sha256:282856b819b22a4319ba30a15605ee934aa23292a471fd29ea4d3f2074b3f16d, usocket-0.8.8/usocket.asd
usocket-server, ghcr.io/ocicl/usocket@sha256:282856b819b22a4319ba30a15605ee934aa23292a471fd29ea4d3f2074b3f16d, usocket-0.8.8/usocket-server.asd
usocket-test, ghcr.io/ocicl/usocket@sha256:282856b819b22a4319ba30a15605ee934aa23292a471fd29ea4d3f2074b3f16d, usocket-0.8.8/usocket-test.asd
version-string, ghcr.io/ocicl/version-string@sha256:eb8f45786af7fd6f792aecada1f905870f1d79abfaee0ceb774a94824ad9b14f, cl-version-string-20251228-668f2fa/version-string.asd
